response_id,skill_id,skill_name,level
r01,FL.MST.2.a,Modeling,2
r01,FL.MST.1.e,Checking results,3
r02,FL.MST.2.a,Modeling,1
r02,FL.MST.1.e,Checking results,1
r03,FL.MST.2.a,Modeling,1
r03,FL.MST.1.e,Checking results,1
r04,FL.MST.2.a,Modeling,1
r04,FL.MST.1.e,Checking results,1
r05,FL.MST.2.a,Modeling,1
r05,FL.MST.1.e,Checking results,2
r06,FL.MST.2.a,Modeling,3
r06,FL.MST.1.e,Checking results,3
r07,FL.MST.2.a,Modeling,1
r07,FL.MST.1.e,Checking results,1
r08,FL.MST.2.a,Modeling,1
r08,FL.MST.1.e,Checking results,1
r09,FL.ID.3.b,Explaining my reasoning,3
r09,FL.MST.2.c,Explaining models,4
r10,FL.ID.3.b,Explaining my reasoning,1
r10,FL.MST.2.c,Explaining models,1
r11,FL.ID.3.b,Explaining my reasoning,2
r11,FL.MST.2.c,Explaining models,2
r12,FL.ID.3.b,Explaining my reasoning,3
r12,FL.MST.2.c,Explaining models,1
r13,FL.ID.3.b,Explaining my reasoning,1
r13,FL.MST.2.c,Explaining models,1
r14,FL.ID.3.b,Explaining my reasoning,2
r14,FL.MST.2.c,Explaining models,4
r15,FL.ID.3.b,Explaining my reasoning,4
r15,FL.MST.2.c,Explaining models,2
r16,FL.ID.3.b,Explaining my reasoning,1
r16,FL.MST.2.c,Explaining models,1